{"cameraMode":{"drawMode":0,"name":"Shaded","section":"Shading Mode"},"sceneLighting":true,"audioPlay":false,"sceneViewState":{"m_AlwaysRefresh":false,"showFog":true,"showSkybox":true,"showFlares":true,"showImageEffects":true,"showParticleSystems":true,"showVisualEffectGraphs":true,"m_FxEnabled":true},"in2DMode":false,"pivot":{"x":-16.26576042175293,"y":6.278377532958984,"z":-21.809059143066408},"rotation":{"x":-0.002464906545355916,"y":0.9956535696983337,"z":0.02688590995967388,"w":0.08953923732042313},"size":26.866867065429689,"orthographic":false}