{"cameraMode":{"drawMode":0,"name":"Shaded","section":"Shading Mode"},"sceneLighting":true,"audioPlay":false,"sceneViewState":{"m_AlwaysRefresh":false,"showFog":true,"showSkybox":true,"showFlares":true,"showImageEffects":true,"showParticleSystems":true,"showVisualEffectGraphs":true,"m_FxEnabled":true},"in2DMode":false,"pivot":{"x":15.333200454711914,"y":47.129451751708987,"z":16.621442794799806},"rotation":{"x":0.05532693862915039,"y":0.8128489255905151,"z":-0.07827377319335938,"w":0.574547529220581},"size":2181.637451171875,"orthographic":true}