{"cameraMode":{"drawMode":0,"name":"Shaded","section":"Shading Mode"},"sceneLighting":false,"audioPlay":false,"sceneViewState":{"m_AlwaysRefresh":false,"showFog":false,"showSkybox":false,"showFlares":false,"showImageEffects":false,"showParticleSystems":false,"showVisualEffectGraphs":true,"m_FxEnabled":true},"in2DMode":false,"pivot":{"x":-0.16761614382266999,"y":0.1863391250371933,"z":0.23673619329929353},"rotation":{"x":0.03239402920007706,"y":0.9469133615493774,"z":-0.10124578326940537,"w":0.3035270869731903},"size":0.012866182252764702,"orthographic":false}