{"cameraMode":{"drawMode":0,"name":"Shaded","section":"Shading Mode"},"sceneLighting":false,"audioPlay":false,"sceneViewState":{"m_AlwaysRefresh":false,"showFog":false,"showSkybox":false,"showFlares":false,"showImageEffects":false,"showParticleSystems":false,"showVisualEffectGraphs":true,"m_FxEnabled":true},"in2DMode":false,"pivot":{"x":0.00007396936416625977,"y":0.7351607084274292,"z":0.023887693881988527},"rotation":{"x":-0.19423441588878632,"y":-0.596538782119751,"z":0.15168268978595735,"w":-0.7638666033744812},"size":1.1800872087478638,"orthographic":false}